https://www.dropbox.com/s/bi5jblhs7ro3uub/tubesorgue.vox?dl=0,b5acae4d-a531-488b-b299-e7cded84af70
https://www.dropbox.com/s/bi5jblhs7ro3uub/tubesorgue.vox?dl=0,cc500ebb-1341-4734-979f-caed3eb96edb
https://www.dropbox.com/s/38ov0rtpobmplz0/tubes%20tordus%20rose.vox?dl=0,1c0a8a6a-9214-4185-99c8-037deffeb005
https://www.dropbox.com/s/jgem6enr50e9g99/pano%20dark%20blue.vox?dl=0,8db329ef-5cd9-4663-8cd5-505887ef2873
https://www.dropbox.com/s/38ov0rtpobmplz0/tubes%20tordus%20rose.vox?dl=0,03671028-c2aa-4985-9a10-479f6044e7be
https://www.dropbox.com/s/h1klwopfm071yaz/MetaFactory%20Lower%20Sleeve.vox?dl=0,6a629c09-9ff4-434e-94e2-28ad1647a985
https://www.dropbox.com/s/02904021ankxqa4/MetaFactory%20Upper%20Sleeve.vox?dl=0,a92f7171-e6d3-47fe-a47a-4c3f1f2d5863
https://www.dropbox.com/s/243z02khhrwgi77/MetaFactory%20Lower%20Sleeve%20%28Print%29.vox?dl=0,c3dd5716-7cc1-4b93-a6fc-334adad17eb1
https://www.dropbox.com/s/kl161zpz8otx8dx/MetaFactory%20Upper%20Sleeve%20%28Print%29.vox?dl=0,7c2f8630-f976-48e7-b84a-df163acb7bcd
https://www.dropbox.com/s/jzo3pph3i6jalhk/MetaFactory%20Torso.vox?dl=0,42f25d48-e534-4409-8441-d0ae9edbb8c9
https://www.dropbox.com/s/baoattx4dmk2dru/tete%20robot%20top.vox?dl=0,a2ea8104-de58-4049-9139-ecb282b71fbb
https://www.dropbox.com/s/mo0sc6s931gf1ng/RAINBOWPD.vox?dl=0,9cccc4b8-df7f-4edd-9d4a-3dd9721dd605
https://www.dropbox.com/s/bi5jblhs7ro3uub/tubesorgue.vox?dl=0,4ce9343d-d256-451e-a4cf-bc0941cc5532
https://www.dropbox.com/s/wkw3p9c4t7l2jxj/tetegris.vox?dl=0,10634270-93cb-4795-b6fa-ca8295733533
https://www.dropbox.com/s/ibccrqh7etv18w8/teteviolet.vox?dl=0,4dcfc2cd-7b80-488f-932c-02a3fd753033
https://www.dropbox.com/s/bi5jblhs7ro3uub/tubesorgue.vox?dl=0,b5acae4d-a531-488b-b299-e7cded84af70
https://www.dropbox.com/s/bi5jblhs7ro3uub/tubesorgue.vox?dl=0,cc500ebb-1341-4734-979f-caed3eb96edb
https://www.dropbox.com/s/38ov0rtpobmplz0/tubes%20tordus%20rose.vox?dl=0,1c0a8a6a-9214-4185-99c8-037deffeb005
https://www.dropbox.com/s/jgem6enr50e9g99/pano%20dark%20blue.vox?dl=0,8db329ef-5cd9-4663-8cd5-505887ef2873
https://www.dropbox.com/s/38ov0rtpobmplz0/tubes%20tordus%20rose.vox?dl=0,03671028-c2aa-4985-9a10-479f6044e7be
https://www.dropbox.com/s/h1klwopfm071yaz/MetaFactory%20Lower%20Sleeve.vox?dl=0,6a629c09-9ff4-434e-94e2-28ad1647a985
https://www.dropbox.com/s/02904021ankxqa4/MetaFactory%20Upper%20Sleeve.vox?dl=0,a92f7171-e6d3-47fe-a47a-4c3f1f2d5863
https://www.dropbox.com/s/243z02khhrwgi77/MetaFactory%20Lower%20Sleeve%20%28Print%29.vox?dl=0,c3dd5716-7cc1-4b93-a6fc-334adad17eb1
https://www.dropbox.com/s/kl161zpz8otx8dx/MetaFactory%20Upper%20Sleeve%20%28Print%29.vox?dl=0,7c2f8630-f976-48e7-b84a-df163acb7bcd
https://www.dropbox.com/s/jzo3pph3i6jalhk/MetaFactory%20Torso.vox?dl=0,42f25d48-e534-4409-8441-d0ae9edbb8c9
https://www.dropbox.com/s/baoattx4dmk2dru/tete%20robot%20top.vox?dl=0,a2ea8104-de58-4049-9139-ecb282b71fbb
https://www.dropbox.com/s/mo0sc6s931gf1ng/RAINBOWPD.vox?dl=0,9cccc4b8-df7f-4edd-9d4a-3dd9721dd605
https://www.dropbox.com/s/bi5jblhs7ro3uub/tubesorgue.vox?dl=0,4ce9343d-d256-451e-a4cf-bc0941cc5532
https://www.dropbox.com/s/wkw3p9c4t7l2jxj/tetegris.vox?dl=0,10634270-93cb-4795-b6fa-ca8295733533
https://www.dropbox.com/s/ibccrqh7etv18w8/teteviolet.vox?dl=0,4dcfc2cd-7b80-488f-932c-02a3fd753033
https://www.dropbox.com/s/lcakjgrtqwskif8/robot%20meta%20corps.vox?dl=0,54461b5a-32b0-48ca-acc9-1cd80c441c94
https://www.dropbox.com/s/9j82oydi47dvlx1/coin%20pagode%20color.vox?dl=0,aed2f65d-70cc-42d3-91f9-c6287e70c8ab
https://www.dropbox.com/s/lcakjgrtqwskif8/robot%20meta%20corps.vox?dl=0,d8cf7712-d6a1-48e6-ad2f-1344711b168d
https://www.dropbox.com/s/bi5jblhs7ro3uub/tubesorgue.vox?dl=0,33dee4ac-e79b-4936-ab96-a95740777dc7
https://www.dropbox.com/s/lcakjgrtqwskif8/robot%20meta%20corps.vox?dl=0,62b9d1a7-ea03-478b-8e00-2cff8327fa63
https://www.dropbox.com/s/2drs207fkklnjae/teterose.vox?dl=0,ec0cbd9f-fdf1-43f4-9b2c-72d330f1617b
https://www.dropbox.com/s/62znj0eyya7h31v/neonlite.vox?dl=0,8d426da0-a56a-4860-8a49-4b9f9bb6d4cf
https://www.dropbox.com/s/9j82oydi47dvlx1/coin%20pagode%20color.vox?dl=0,64cafba2-84e8-4bda-ab9f-f8d1aecf4e65
https://www.dropbox.com/s/jgem6enr50e9g99/pano%20dark%20blue.vox?dl=0,15255602-3011-46b1-9857-1abd20dda975
https://www.dropbox.com/s/z5caxgwlvg0lkol/solblanc.vox?dl=0,4b547c52-9ed1-4669-b73e-92c1e078afc3
https://www.dropbox.com/s/8o5t98tuk8pmtgu/rambarde%20rose.vox?dl=0,8fd91ef4-310b-4852-b18e-f3956ad80323
https://www.dropbox.com/s/jgem6enr50e9g99/pano%20dark%20blue.vox?dl=0,1910ef5e-6c0a-4685-b3b2-866e527cf578
https://www.dropbox.com/s/9j82oydi47dvlx1/coin%20pagode%20color.vox?dl=0,f7ae42d0-b803-48eb-90d2-60f10ee32aad
https://www.dropbox.com/s/8o5t98tuk8pmtgu/rambarde%20rose.vox?dl=0,9cef8f38-362b-4b8c-ba7d-8d974e52fc88
https://www.dropbox.com/s/z5caxgwlvg0lkol/solblanc.vox?dl=0,424d0cf5-2cbe-43ca-990e-5775480e1347
https://i.imgur.com/EXMn5Sa.jpg,1cedfdde-0376-4e39-9de1-efacc3204dce
https://www.dropbox.com/s/bi5jblhs7ro3uub/tubesorgue.vox?dl=0,b5acae4d-a531-488b-b299-e7cded84af70
https://www.dropbox.com/s/bi5jblhs7ro3uub/tubesorgue.vox?dl=0,cc500ebb-1341-4734-979f-caed3eb96edb
https://www.dropbox.com/s/38ov0rtpobmplz0/tubes%20tordus%20rose.vox?dl=0,1c0a8a6a-9214-4185-99c8-037deffeb005
https://www.dropbox.com/s/jgem6enr50e9g99/pano%20dark%20blue.vox?dl=0,8db329ef-5cd9-4663-8cd5-505887ef2873
https://www.dropbox.com/s/38ov0rtpobmplz0/tubes%20tordus%20rose.vox?dl=0,03671028-c2aa-4985-9a10-479f6044e7be
https://www.dropbox.com/s/h1klwopfm071yaz/MetaFactory%20Lower%20Sleeve.vox?dl=0,6a629c09-9ff4-434e-94e2-28ad1647a985
https://www.dropbox.com/s/02904021ankxqa4/MetaFactory%20Upper%20Sleeve.vox?dl=0,a92f7171-e6d3-47fe-a47a-4c3f1f2d5863
https://www.dropbox.com/s/243z02khhrwgi77/MetaFactory%20Lower%20Sleeve%20%28Print%29.vox?dl=0,c3dd5716-7cc1-4b93-a6fc-334adad17eb1
https://www.dropbox.com/s/kl161zpz8otx8dx/MetaFactory%20Upper%20Sleeve%20%28Print%29.vox?dl=0,7c2f8630-f976-48e7-b84a-df163acb7bcd
https://www.dropbox.com/s/jzo3pph3i6jalhk/MetaFactory%20Torso.vox?dl=0,42f25d48-e534-4409-8441-d0ae9edbb8c9
https://www.dropbox.com/s/baoattx4dmk2dru/tete%20robot%20top.vox?dl=0,a2ea8104-de58-4049-9139-ecb282b71fbb
https://www.dropbox.com/s/mo0sc6s931gf1ng/RAINBOWPD.vox?dl=0,9cccc4b8-df7f-4edd-9d4a-3dd9721dd605
https://www.dropbox.com/s/bi5jblhs7ro3uub/tubesorgue.vox?dl=0,4ce9343d-d256-451e-a4cf-bc0941cc5532
https://www.dropbox.com/s/wkw3p9c4t7l2jxj/tetegris.vox?dl=0,10634270-93cb-4795-b6fa-ca8295733533
https://www.dropbox.com/s/ibccrqh7etv18w8/teteviolet.vox?dl=0,4dcfc2cd-7b80-488f-932c-02a3fd753033
https://www.dropbox.com/s/lcakjgrtqwskif8/robot%20meta%20corps.vox?dl=0,54461b5a-32b0-48ca-acc9-1cd80c441c94
https://www.dropbox.com/s/9j82oydi47dvlx1/coin%20pagode%20color.vox?dl=0,aed2f65d-70cc-42d3-91f9-c6287e70c8ab
https://www.dropbox.com/s/lcakjgrtqwskif8/robot%20meta%20corps.vox?dl=0,d8cf7712-d6a1-48e6-ad2f-1344711b168d
https://www.dropbox.com/s/bi5jblhs7ro3uub/tubesorgue.vox?dl=0,33dee4ac-e79b-4936-ab96-a95740777dc7
https://www.dropbox.com/s/lcakjgrtqwskif8/robot%20meta%20corps.vox?dl=0,62b9d1a7-ea03-478b-8e00-2cff8327fa63
https://www.dropbox.com/s/2drs207fkklnjae/teterose.vox?dl=0,ec0cbd9f-fdf1-43f4-9b2c-72d330f1617b
https://www.dropbox.com/s/62znj0eyya7h31v/neonlite.vox?dl=0,8d426da0-a56a-4860-8a49-4b9f9bb6d4cf
https://www.dropbox.com/s/9j82oydi47dvlx1/coin%20pagode%20color.vox?dl=0,64cafba2-84e8-4bda-ab9f-f8d1aecf4e65
https://www.dropbox.com/s/jgem6enr50e9g99/pano%20dark%20blue.vox?dl=0,15255602-3011-46b1-9857-1abd20dda975
https://www.dropbox.com/s/z5caxgwlvg0lkol/solblanc.vox?dl=0,4b547c52-9ed1-4669-b73e-92c1e078afc3
https://www.dropbox.com/s/8o5t98tuk8pmtgu/rambarde%20rose.vox?dl=0,8fd91ef4-310b-4852-b18e-f3956ad80323
https://www.dropbox.com/s/jgem6enr50e9g99/pano%20dark%20blue.vox?dl=0,1910ef5e-6c0a-4685-b3b2-866e527cf578
https://www.dropbox.com/s/9j82oydi47dvlx1/coin%20pagode%20color.vox?dl=0,f7ae42d0-b803-48eb-90d2-60f10ee32aad
https://www.dropbox.com/s/8o5t98tuk8pmtgu/rambarde%20rose.vox?dl=0,9cef8f38-362b-4b8c-ba7d-8d974e52fc88
https://www.dropbox.com/s/z5caxgwlvg0lkol/solblanc.vox?dl=0,424d0cf5-2cbe-43ca-990e-5775480e1347
https://i.imgur.com/EXMn5Sa.jpg,1cedfdde-0376-4e39-9de1-efacc3204dce
https://i.imgur.com/EXMn5Sa.jpg,20ec5772-4978-4698-9604-a1f3c764e256
https://www.dropbox.com/s/62znj0eyya7h31v/neonlite.vox?dl=0,cf359c34-dde1-43e5-871e-35efd93575e8
https://www.dropbox.com/s/8o5t98tuk8pmtgu/rambarde%20rose.vox?dl=0,147a30fe-37eb-42ee-b5f8-b86097f47db8
https://www.dropbox.com/s/62znj0eyya7h31v/neonlite.vox?dl=0,a68e1428-3663-41c0-9423-7a97001a1310
https://www.dropbox.com/s/ibccrqh7etv18w8/teteviolet.vox?dl=0,b94ce3df-194d-4796-a484-5a67113e05bb
https://www.dropbox.com/s/38ov0rtpobmplz0/tubes%20tordus%20rose.vox?dl=0,63395e60-3da2-45bd-993f-a16970fe726f
https://www.dropbox.com/s/lcakjgrtqwskif8/robot%20meta%20corps.vox?dl=0,a45cc655-1624-43ad-8dcc-301cadcae679
https://www.dropbox.com/s/9j82oydi47dvlx1/coin%20pagode%20color.vox?dl=0,9a6554f2-9843-4915-98af-9999c5ed6c72
https://www.dropbox.com/s/62znj0eyya7h31v/neonlite.vox?dl=0,9fdeb350-9e63-4e12-8180-bbd48a8069b9
https://www.dropbox.com/s/38ov0rtpobmplz0/tubes%20tordus%20rose.vox?dl=0,366d12ef-d996-49cf-94d2-9b959442fe30
https://www.dropbox.com/s/38ov0rtpobmplz0/tubes%20tordus%20rose.vox?dl=0,d49f861b-4564-491b-b6ea-fa5820aada7f
https://www.dropbox.com/s/z5caxgwlvg0lkol/solblanc.vox?dl=0,f985804d-cfcd-4d0c-89e5-7d9118bf1d63
https://www.dropbox.com/s/8o5t98tuk8pmtgu/rambarde%20rose.vox?dl=0,6ccb5aaa-7a94-4e99-84e2-70c11f38019a
https://www.dropbox.com/s/z5caxgwlvg0lkol/solblanc.vox?dl=0,e8945cea-d72b-4aad-b3c4-09798ca09878
https://www.dropbox.com/s/62znj0eyya7h31v/neonlite.vox?dl=0,fcef3185-37f0-4587-b504-0d51f0796878
https://www.dropbox.com/s/ypgl5kgotawazkd/tetejaune.vox?dl=0,c2e76fb0-7578-49ff-9dfc-76c2b4e36ac8
https://www.dropbox.com/s/wkw3p9c4t7l2jxj/tetegris.vox?dl=0,251ee1ff-c4cb-48a3-b81c-54381ee4dabb
https://www.dropbox.com/s/jgem6enr50e9g99/pano%20dark%20blue.vox?dl=0,725bf6f6-85fb-4692-b2f0-80507e2c31a2
https://www.dropbox.com/s/2drs207fkklnjae/teterose.vox?dl=0,92148255-1a61-4099-9c4f-8dcd5ab428f5
https://www.dropbox.com/s/lcakjgrtqwskif8/robot%20meta%20corps.vox?dl=0,c4437ccd-6b11-4ffa-8e74-8a1c4333a9b1
https://www.dropbox.com/s/jgem6enr50e9g99/pano%20dark%20blue.vox?dl=0,7b7d6d84-1a38-4296-a174-103aa04402db
https://www.dropbox.com/s/8o5t98tuk8pmtgu/rambarde%20rose.vox?dl=0,53c3475d-35c4-487c-a70a-30ff6e64b81b
https://www.dropbox.com/s/lcakjgrtqwskif8/robot%20meta%20corps.vox?dl=0,5d06221f-760f-4752-88a6-709fd1367c1a
https://www.dropbox.com/s/2drs207fkklnjae/teterose.vox?dl=0,dcb5a96e-6040-4d59-9a2f-c1e8b9aea989
https://www.dropbox.com/s/lcakjgrtqwskif8/robot%20meta%20corps.vox?dl=0,2652017b-131b-4b93-8a27-764acfd14917
https://www.dropbox.com/s/lcakjgrtqwskif8/robot%20meta%20corps.vox?dl=0,236d0d2d-7bc4-4ce5-a5f4-5f041968c666
https://www.dropbox.com/s/2drs207fkklnjae/teterose.vox?dl=0,b41ace5a-62d1-405e-8f65-0e1b06e76ed9
https://www.dropbox.com/s/lcakjgrtqwskif8/robot%20meta%20corps.vox?dl=0,ff81f5fa-75a8-490f-a575-abd57d20b9e3
https://www.dropbox.com/s/62znj0eyya7h31v/neonlite.vox?dl=0,a52f5854-88a3-4e86-be2a-4223544e6bf0
https://www.dropbox.com/s/38ov0rtpobmplz0/tubes%20tordus%20rose.vox?dl=0,ffd8ddd6-69d6-4237-bf3a-2893fb2359c4
https://www.dropbox.com/s/wkw3p9c4t7l2jxj/tetegris.vox?dl=0,48b8e869-67d3-48c9-9f70-22979ecc11a7
https://www.dropbox.com/s/lcakjgrtqwskif8/robot%20meta%20corps.vox?dl=0,8317076b-6442-46d2-967f-ae33fdc38164
https://www.dropbox.com/s/2drs207fkklnjae/teterose.vox?dl=0,887c5b27-814d-42db-903d-58730ed17727
https://www.dropbox.com/s/8o5t98tuk8pmtgu/rambarde%20rose.vox?dl=0,194464e1-c099-4910-8ff9-f2e41b4ca42b
https://www.dropbox.com/s/bi5jblhs7ro3uub/tubesorgue.vox?dl=0,d0111c06-e034-41e3-93b3-9d7aa68c4085
https://www.dropbox.com/s/lcakjgrtqwskif8/robot%20meta%20corps.vox?dl=0,f25baee5-0cb5-47bf-a1c4-fbc348cec915
https://www.dropbox.com/s/z5caxgwlvg0lkol/solblanc.vox?dl=0,ce18d696-2570-4778-b5dc-426ed6585209
https://www.dropbox.com/s/z5caxgwlvg0lkol/solblanc.vox?dl=0,5d0229d9-f0e4-4888-b17d-00a477119431
https://www.dropbox.com/s/lcakjgrtqwskif8/robot%20meta%20corps.vox?dl=0,7918548d-1d44-45fa-b5ca-3d6b5556c0d9
https://www.dropbox.com/s/ypgl5kgotawazkd/tetejaune.vox?dl=0,ed4025bf-13c9-4ca3-ae94-9716e31899d7
https://www.dropbox.com/s/lcakjgrtqwskif8/robot%20meta%20corps.vox?dl=0,7f30b956-36c4-4fb8-b6c6-4d77cc7c9956
https://www.dropbox.com/s/ibccrqh7etv18w8/teteviolet.vox?dl=0,caa47c52-933f-4bf8-a43b-f0bd2e843cbb
https://www.dropbox.com/s/8o5t98tuk8pmtgu/rambarde%20rose.vox?dl=0,9163b5e8-baf2-4c44-af71-2487dc939d37
https://www.dropbox.com/s/bi5jblhs7ro3uub/tubesorgue.vox?dl=0,21efe023-9289-4614-8a04-961dc9bed680
https://www.dropbox.com/s/lcakjgrtqwskif8/robot%20meta%20corps.vox?dl=0,462f4ba3-db24-4d54-bdb3-db6d0e8c4cb4
https://www.dropbox.com/s/bi5jblhs7ro3uub/tubesorgue.vox?dl=0,8863ddfd-37a1-4fa6-8e8e-6788d6c1cc85
https://www.dropbox.com/s/ypgl5kgotawazkd/tetejaune.vox?dl=0,04cf0157-6ac1-48f4-b1af-741deb718e87
https://www.dropbox.com/s/2drs207fkklnjae/teterose.vox?dl=0,6dab146a-077b-4283-a27f-be81c84d1459
https://www.dropbox.com/s/ypgl5kgotawazkd/tetejaune.vox?dl=0,6dc4844b-6e54-4dac-937d-14c204d3dd5d
https://www.dropbox.com/s/lcakjgrtqwskif8/robot%20meta%20corps.vox?dl=0,17c3f0cc-5c88-42d4-93ba-9a8b7d88ee32
https://www.dropbox.com/s/baoattx4dmk2dru/tete%20robot%20top.vox?dl=0,80c63dff-dc4d-4d8a-8aed-d08027a57051
https://www.dropbox.com/s/lcakjgrtqwskif8/robot%20meta%20corps.vox?dl=0,307e2e54-4874-4f44-95fa-0fbc957c9191
https://www.dropbox.com/s/baoattx4dmk2dru/tete%20robot%20top.vox?dl=0,9cb67591-168b-4263-9ae8-057acc74a2b6
https://www.dropbox.com/s/z5caxgwlvg0lkol/solblanc.vox?dl=0,a567e393-2a21-4f8f-839a-60e8a1d6922e
https://www.dropbox.com/s/lcakjgrtqwskif8/robot%20meta%20corps.vox?dl=0,d0fd271b-058e-4aa1-b200-ddd63e1a7673
https://www.dropbox.com/s/ibccrqh7etv18w8/teteviolet.vox?dl=0,7a4e636d-d24f-4357-a7f8-484ff812722a
https://www.dropbox.com/s/z5caxgwlvg0lkol/solblanc.vox?dl=0,982767e3-f5ef-4e80-bc3f-2ab6065845e5
https://www.dropbox.com/s/z5caxgwlvg0lkol/solblanc.vox?dl=0,1110b9bb-538c-4e15-8f5d-55ab8e57e1ba
https://www.dropbox.com/s/lcakjgrtqwskif8/robot%20meta%20corps.vox?dl=0,dfd93fcd-1c04-4408-a617-d48f4a7c6662
https://www.dropbox.com/s/ypgl5kgotawazkd/tetejaune.vox?dl=0,b245d88b-b488-415d-b496-cd3fcbdae519
https://www.dropbox.com/s/ibccrqh7etv18w8/teteviolet.vox?dl=0,b5fb263a-340b-485b-a4b0-8a61ccc84166
https://www.dropbox.com/s/lcakjgrtqwskif8/robot%20meta%20corps.vox?dl=0,14924e74-dc49-4516-93dd-bd802733acd0
https://www.dropbox.com/s/z5caxgwlvg0lkol/solblanc.vox?dl=0,1193bd1a-f374-4ca8-8983-b22823d83361
https://www.dropbox.com/s/62znj0eyya7h31v/neonlite.vox?dl=0,7a222d6e-a7d7-4212-912c-771f71cbb13a
https://www.dropbox.com/s/lcakjgrtqwskif8/robot%20meta%20corps.vox?dl=0,05982408-2faa-4beb-806a-f50cbd9e1b98
https://www.dropbox.com/s/2drs207fkklnjae/teterose.vox?dl=0,4f04042d-4996-4191-a9fe-fc083f14ef6e
